survived,pclass,age,sibsp,parch,fare
1.0,-0.33848103596101514,-0.07722109457217756,-0.035322498885735576,0.08162940708348335,0.2573065223849626
-0.33848103596101514,1.0,-0.36922601531551735,0.08308136284568686,0.018442671310748508,-0.5494996199439076
-0.07722109457217756,-0.36922601531551735,1.0,-0.30824675892365666,-0.1891192626320352,0.09606669176903912
-0.035322498885735576,0.08308136284568686,-0.30824675892365666,1.0,0.41483769862015624,0.159651043242161
0.08162940708348335,0.018442671310748508,-0.1891192626320352,0.41483769862015624,1.0,0.21622494477076448
0.2573065223849626,-0.5494996199439076,0.09606669176903912,0.159651043242161,0.21622494477076448,1.0
